fila_excel,nombre,alias,tipo,detalle_cliente,categoria,sitio_web,anios_participacion,logo_archivo,logo_nombre_original,logo_drive_url,logo_descarga_directa,observacion
2,A.B.C. PRODEIN,,,Socia,Organizaciones participantes,www.prodein.org,"2024, 2025",a-b-c-prodein.jpg,abc_prodein.jpg,https://drive.google.com/file/d/18GSJEgQ4Pfxy8M0JQDpHaVTZbFYlKK69/view?usp=drive_link,https://drive.google.com/uc?export=download&id=18GSJEgQ4Pfxy8M0JQDpHaVTZbFYlKK69,
3,ALDEAS INFANTILES SOS,,,Socia,Organizaciones participantes,www.aldeasinfantilessos.cl,2025,aldeas-infantiles-sos.png,Aldeas-Infantiles-SOS-Chile.png,https://drive.google.com/file/d/1LhokislQ9LWEfpLMUNPhbCxAgPBNnAPw/view?usp=drive_link,https://drive.google.com/uc?export=download&id=1LhokislQ9LWEfpLMUNPhbCxAgPBNnAPw,
4,AVANZA INCLUSIÓN,,,Socia,Organizaciones participantes,www.avanzainclusion.cl,"2024, 2025",avanza-inclusion.jpeg,Avanza Inclusión.jpeg,https://drive.google.com/file/d/1tRptNiMJ3br1U96rj4pSY1S9x6tx_byy/view?usp=drive_link,https://drive.google.com/uc?export=download&id=1tRptNiMJ3br1U96rj4pSY1S9x6tx_byy,
5,ASPADE - ASOCIACIÓN DE PADRES Y AMIGOS DE PERSONAS CON DÉFICIT,,,Socia,Organizaciones participantes,http://www.aspade.cl/,"2024, 2025",aspade-asociacion-de-padres-y-amigos-de-personas-con-deficit.png,Corporación Aspade .png,https://drive.google.com/file/d/13nqveEwuJZTSkWsWBmQIlFkwvkiCfKI1/view?usp=drive_link,https://drive.google.com/uc?export=download&id=13nqveEwuJZTSkWsWBmQIlFkwvkiCfKI1,
6,FUNDACIÓN PERSEVERA,,,Socia,Organizaciones participantes,https://fundacionpersevera.cl/,2025,fundacion-persevera.png,Fundación Persevera.png,https://drive.google.com/file/d/1ZuJAQpHB4ApBh8gugwNrWSipJf18FdcE/view?usp=drive_link,https://drive.google.com/uc?export=download&id=1ZuJAQpHB4ApBh8gugwNrWSipJf18FdcE,
7,FUNDACIÓN SENDAS,,,Socia,Organizaciones participantes,www.fundacionsendas.cl,2025,fundacion-sendas.jpg,SENDAS.jpg,https://drive.google.com/file/d/18UbDy1MIOFTqutXaRZX0bJTo2EofWShy/view?usp=drivesdk,https://drive.google.com/uc?export=download&id=18UbDy1MIOFTqutXaRZX0bJTo2EofWShy,
8,CENFA - CENTRO NACIONAL DE LA FAMILIA,,,Socia,Organizaciones participantes,www.cenfa.cl,2025,cenfa-centro-nacional-de-la-familia.png,CENFA.png,https://drive.google.com/file/d/1LiKQNb7fHcRACaKQZInKrQIcHo2BjWtr/view?usp=drive_link,https://drive.google.com/uc?export=download&id=1LiKQNb7fHcRACaKQZInKrQIcHo2BjWtr,
9,CLUB DE LEONES CRUZ DEL SUR - PUNTA ARENAS,,,Socia,Organizaciones participantes,https://leonescruzdelsur.cl/,2025,club-de-leones-cruz-del-sur-punta-arenas.png,CLUB de Leones CRUZ DEL SUR.pngk,https://drive.google.com/file/d/1EuzbvLAPHxd2Cc5_ewOAWTauwi678UKD/view?usp=drive_link,https://drive.google.com/uc?export=download&id=1EuzbvLAPHxd2Cc5_ewOAWTauwi678UKD,"extensión .pngk en el Excel, se asume .png"
10,CORPORACIÓN ABRIENDO PUERTAS,,,Socia,Organizaciones participantes,www.corporacionabriendopuertas.cl,2025,corporacion-abriendo-puertas.jpeg,Corporación Abriendo Puertas.jpeg,https://drive.google.com/file/d/1Y_KZEOLrcPeUcW8E6Y6QbmMIrPretJZ8/view?usp=drive_link,https://drive.google.com/uc?export=download&id=1Y_KZEOLrcPeUcW8E6Y6QbmMIrPretJZ8,
11,CORPORACIÓN ATRAPASUEÑOS,,,Socia,Organizaciones participantes,www.atrapasueños.cl,2025,corporacion-atrapasuenos.png,Atrapasueños.png,https://drive.google.com/file/d/1zr7yALkHJRskm2hvAKHRLmv4_vG3hlXU/view?usp=drive_link,https://drive.google.com/uc?export=download&id=1zr7yALkHJRskm2hvAKHRLmv4_vG3hlXU,
12,CORPORACIÓN CO-EMPRENDE,,,Socia,Organizaciones participantes,https://coemprende.cl/,2025,corporacion-co-emprende.png,Corporación Co-emprende.png,https://drive.google.com/file/d/1wpvaaADh_hq6vWLxv8svQ8dy5aDeJOzk/view?usp=drive_link,https://drive.google.com/uc?export=download&id=1wpvaaADh_hq6vWLxv8svQ8dy5aDeJOzk,
13,CORPORACIÓN CONSTRUYENDO MIS SUEÑOS,,,Socia,Organizaciones participantes,www.construyendomissuenos.cl,2025,corporacion-construyendo-mis-suenos.png,Construyendo Mis Sueños.png,https://drive.google.com/file/d/1c9vdrqGUgP28KMJyPq9k0djR87yND_dD/view?usp=drive_link,https://drive.google.com/uc?export=download&id=1c9vdrqGUgP28KMJyPq9k0djR87yND_dD,
14,CORPORACIÓN CULTIVA,,,Socia,Organizaciones participantes,www.cultiva.cl,"2024, 2025",corporacion-cultiva.png,Cultiva (1).png Cultiva.png,https://drive.google.com/file/d/16QS6YBSHztXf0Juz2p-FyqEXWleiM4UA/view?usp=drivesdk,https://drive.google.com/uc?export=download&id=16QS6YBSHztXf0Juz2p-FyqEXWleiM4UA,la celda nombra varios archivos; el enlace de Drive apunta a uno solo
15,COAR - CORPORACIÓN DE AMIGOS DEL HOSPITAL ROBERTO DEL RIO,,,Socia,Organizaciones participantes,www.coar.cl,2025,coar-corporacion-de-amigos-del-hospital-roberto-del-rio.png,COAR.png,https://drive.google.com/file/d/1BYuneSbAAxANjima0_C_7AGbGlLRNiM0/view?usp=drive_link,https://drive.google.com/uc?export=download&id=1BYuneSbAAxANjima0_C_7AGbGlLRNiM0,
16,CORPORACIÓN MAÑANA,,,Socia,Organizaciones participantes,www.corporacionmanana.cl,2025,corporacion-manana.png,Corporación Mañana.png,https://drive.google.com/file/d/1JYzex653-qeI5DtVtuEsDPKeptrcJgIb/view?usp=drive_link,https://drive.google.com/uc?export=download&id=1JYzex653-qeI5DtVtuEsDPKeptrcJgIb,
17,CORPEB - CORPORACIÓN ESPINA BÍFIDA,,,Socia,Organizaciones participantes,www.corpeb.cl,"2024, 2025, 2026",corpeb-corporacion-espina-bifida.png,Corporacion Espina Bifida.png,https://drive.google.com/file/d/1W8ugprDdcbsMpZUdb8eE67ak5FWHDU9l/view?usp=drive_link,https://drive.google.com/uc?export=download&id=1W8ugprDdcbsMpZUdb8eE67ak5FWHDU9l,
18,CORPALIV,,,Socia,Organizaciones participantes,www.corpaliv.cl,2025,corpaliv.png,CORPALIV.png,https://drive.google.com/file/d/1B6fj6yCBRdybTM44M53sDdiS5BE-CuC1/view?usp=drive_link,https://drive.google.com/uc?export=download&id=1B6fj6yCBRdybTM44M53sDdiS5BE-CuC1,
19,CORPOEACIÓN ASPAUT,,,Socia,Organizaciones participantes,www.corporacionaspaut.cl,2025,corpoeacion-aspaut.jpg,Corporación Educacional Aspaut Viña del Mar.jpg,https://drive.google.com/file/d/1CRG3J84K_yUf1m5_7J8OVkYYwewrChIR/view?usp=drive_link,https://drive.google.com/uc?export=download&id=1CRG3J84K_yUf1m5_7J8OVkYYwewrChIR,
20,CORPORACIÓN EDUCACIONAL EMPRENDER,,,Socia,Organizaciones participantes,www.emprender.cl,2025,corporacion-educacional-emprender.jpeg,Colegio Emprender Temuco.jpeg,https://drive.google.com/file/d/1LqkYgR6XM96aRN5cbyC7-ci1bzEcHCGv/view?usp=drive_link,https://drive.google.com/uc?export=download&id=1LqkYgR6XM96aRN5cbyC7-ci1bzEcHCGv,
21,CEMAIPO,,,Socia,Organizaciones participantes,https://www.cemaipo.cl/,"2024, 2025",cemaipo.jpg,cemaipo_20anios.jpg,https://drive.google.com/file/d/1GXcd1u8t0DqdJDq9BwDMyo7fVh1nGNH3/view?usp=drive_link,https://drive.google.com/uc?export=download&id=1GXcd1u8t0DqdJDq9BwDMyo7fVh1nGNH3,
22,CORPORACIÓN ESCUCHAR,,,Socia,Organizaciones participantes,https://www.corporacionescuchar.cl/,"2024, 2025",corporacion-escuchar.png,Corporación Escuchar.png,https://drive.google.com/file/d/1WfBpFwL6M6P_LU5_ciq-HI6IDu_CcVvB/view?usp=drive_link,https://drive.google.com/uc?export=download&id=1WfBpFwL6M6P_LU5_ciq-HI6IDu_CcVvB,
23,CORPORACIÓN ESPACIO APAPACHO,,,Socia,Organizaciones participantes,https://espacioapapacho.cl/,2025,corporacion-espacio-apapacho.png,Corporación Espacio Apapacho.png,https://drive.google.com/file/d/1NQ0tjMKmNngJNkNPspU3ppzxsw-eA3CU/view?usp=drive_link,https://drive.google.com/uc?export=download&id=1NQ0tjMKmNngJNkNPspU3ppzxsw-eA3CU,
24,CORPORACIÓN FORMANDO CHILE,,,Socia,Organizaciones participantes,www.formandochile.cl,2025,corporacion-formando-chile.jpg,Formando Chile.jpg,https://drive.google.com/file/d/1oAxcBmvcb1-zAjYDzBD2wjw3SYK1Bmv7/view?usp=drivesdk,https://drive.google.com/uc?export=download&id=1oAxcBmvcb1-zAjYDzBD2wjw3SYK1Bmv7,
25,CORPORACIÓN JESÚS NIÑO,,,Socia,Organizaciones participantes,www.corporacionjesusnino.cl,"2024, 2025",corporacion-jesus-nino.png,Corporación Jesús Niño.png,https://drive.google.com/file/d/1XKoy3nbcsKt3yPSqDsII95ayfBd3C2D9/view?usp=drive_link,https://drive.google.com/uc?export=download&id=1XKoy3nbcsKt3yPSqDsII95ayfBd3C2D9,
26,CORPORACIÓN LA ESPERANZA,,,Socia,Organizaciones participantes,www.corporacionesperanza.cl,"2024, 2025",corporacion-la-esperanza.png,Corporación la Esperanza.png,https://drive.google.com/file/d/1K3JutHSkqvxIVKr4MexhuOSrQt4j06sX/view?usp=drive_link,https://drive.google.com/uc?export=download&id=1K3JutHSkqvxIVKr4MexhuOSrQt4j06sX,
27,CORPORACIÓN LA GRANJA,,,Socia,Organizaciones participantes,www.corporacionlagranja.cl,2025,corporacion-la-granja.png,Corporación La Granja.png,https://drive.google.com/file/d/1ODzXDeQp6EXNdD2mB8orGrMUQ6WLI1kz/view?usp=drive_link,https://drive.google.com/uc?export=download&id=1ODzXDeQp6EXNdD2mB8orGrMUQ6WLI1kz,
28,CORPORACIÓN MOVILIZA,,,Socia,Organizaciones participantes,www.movilizachile.org,2025,corporacion-moviliza.jpeg,Corporación Moviliza.jpeg,https://drive.google.com/file/d/1tFLokg2XIDulLtCt0T0yZKB3VpZc4ZRQ/view?usp=drive_link,https://drive.google.com/uc?export=download&id=1tFLokg2XIDulLtCt0T0yZKB3VpZc4ZRQ,
29,CORPORACIÓN NUESTRA CASA,,,Socia,Organizaciones participantes,www.nuestra-casa.cl,2025,corporacion-nuestra-casa.png,Corporación Nuestra casa.png,https://drive.google.com/file/d/1zc5AC0szjSvzlCjXxSOLeyALA-kFPNuU/view?usp=drive_link,https://drive.google.com/uc?export=download&id=1zc5AC0szjSvzlCjXxSOLeyALA-kFPNuU,
30,CIDEVI,,,Socia,Organizaciones participantes,https://cidevichile.cl/,2025,cidevi.jpg,CIDEVI.jpg,https://drive.google.com/file/d/1GDQnWoRWGLdFZoSpi76gE1zxPEExoeAk/view?usp=drive_link,https://drive.google.com/uc?export=download&id=1GDQnWoRWGLdFZoSpi76gE1zxPEExoeAk,
31,CORPORACIÓN SIMÓN DE CIRENE,,,Socia,Organizaciones participantes,www.simondecirene.cl,2025,corporacion-simon-de-cirene.png,Corporación Simón de Cirene.png,https://drive.google.com/file/d/1CpmjS9fms0BVvuEaKApcKfnk2rE4hrux/view?usp=drivesdk,https://drive.google.com/uc?export=download&id=1CpmjS9fms0BVvuEaKApcKfnk2rE4hrux,
32,UNITED WAY CHILE,,,Socia,Organizaciones participantes,www.unitedway.cl,2025,united-way-chile.png,United Way Chile.png United Way Chile 2.png,https://drive.google.com/file/d/1-aGeucrS-INvtLyHNnhfOlSiCwCSKX4F/view?usp=drivesdk,https://drive.google.com/uc?export=download&id=1-aGeucrS-INvtLyHNnhfOlSiCwCSKX4F,la celda nombra varios archivos; el enlace de Drive apunta a uno solo
33,CORPORACIÓN YO MUJER,,,Socia,Organizaciones participantes,www.corporacionyomujer.cl,2025,corporacion-yo-mujer.jpg,Corporación Yo Mujer.jpg,https://drive.google.com/file/d/1w8YAxrEeFIcmfy1_Q8lHa7XOe6DKXRaX/view?usp=drivesdk,https://drive.google.com/uc?export=download&id=1w8YAxrEeFIcmfy1_Q8lHa7XOe6DKXRaX,
34,FUNDACIÓN 7 SUEÑOS,,,Socia,Organizaciones participantes,www.f7s.cl,2025,fundacion-7-suenos.png,Fundación 7 sueños.png,https://drive.google.com/file/d/12o7nC4Ju5Nb3XmMEoANCXl3NYhcdn5QF/view?usp=drivesdk,https://drive.google.com/uc?export=download&id=12o7nC4Ju5Nb3XmMEoANCXl3NYhcdn5QF,
35,FUNDACIÓN ABRÁZAME,,,Socia,Organizaciones participantes,www.abrazame.cl,2025,fundacion-abrazame.jpeg,Fundación abrázame.jpeg,https://drive.google.com/file/d/1A9KtYk1t_8eX1jZLalz5i06aDv28Jjh4/view?usp=drive_link,https://drive.google.com/uc?export=download&id=1A9KtYk1t_8eX1jZLalz5i06aDv28Jjh4,
36,FUNDACIÓN ABRAZARTE,,,Socia,Organizaciones participantes,www.fundacionabrazarte.cl,2025,fundacion-abrazarte.png,ABRAZARTE.png,https://drive.google.com/file/d/17GA5JCH5_Y43Fkc-jTP274E7VstKKkeg/view?usp=drive_link,https://drive.google.com/uc?export=download&id=17GA5JCH5_Y43Fkc-jTP274E7VstKKkeg,
37,FUNDACIÓN ABRAZO FRATERNO,,,Socia,Organizaciones participantes,www.fundacionabrazofraterno.cl/,2024,fundacion-abrazo-fraterno.png,Fundación abrazo fraterno logo.png,https://drive.google.com/file/d/10Zg7Tpdxn35vGFVd7-qWSU90eWkf9Y9N/view?usp=sharing,https://drive.google.com/uc?export=download&id=10Zg7Tpdxn35vGFVd7-qWSU90eWkf9Y9N,
38,FUNDACIÓN ACOMPAÑANDO PASOS,,,Socia,Organizaciones participantes,https://acompanandopasos.cl/,"2024, 2025",fundacion-acompanando-pasos.png,Fundación Acompañando Pasos.png,https://drive.google.com/file/d/1Jnp7X2ruHSfurnjoWZT2b_pndvcpxuNF/view?usp=drivesdk,https://drive.google.com/uc?export=download&id=1Jnp7X2ruHSfurnjoWZT2b_pndvcpxuNF,
39,FUNDACIÓN AFRICA DREAM,,,Socia,Organizaciones participantes,www.africadream.cl,2025,fundacion-africa-dream.png,Fundación Africa Dream.png,https://drive.google.com/file/d/1_HnsxChfZYpXFt2PeCc4raI5glFqdC1W/view?usp=drivesdk,https://drive.google.com/uc?export=download&id=1_HnsxChfZYpXFt2PeCc4raI5glFqdC1W,
40,FUNDACIÓN ALCANZABLE,,,Socia,Organizaciones participantes,https://www.alcanzable.cl/,"2024, 2025",fundacion-alcanzable.png,Fundación Alcanzable.png,https://drive.google.com/file/d/1OSEaB_5E9kWW8xqIkojpvSZZ7HxJrkuS/view?usp=drivesdk,https://drive.google.com/uc?export=download&id=1OSEaB_5E9kWW8xqIkojpvSZZ7HxJrkuS,
41,FUNDAL,,,Socia,Organizaciones participantes,https://fundal.cl/,2025,fundal.jpg,Fundal.jpg,https://drive.google.com/file/d/1zI5vHiSY_sj5THAWO9DmFlSdTGN8cfkR/view?usp=drivesdk,https://drive.google.com/uc?export=download&id=1zI5vHiSY_sj5THAWO9DmFlSdTGN8cfkR,
42,FUNDACIÓN AMIGOS DE JESÚS,,,Socia,Organizaciones participantes,www.amigosdejesus.cl,2024,fundacion-amigos-de-jesus.jpeg,F. Amigos de Jesus.jpeg,https://drive.google.com/file/d/1T42PiFEyOE7EsKdygYSmbJpAEyzC1ldd/view?usp=sharing,https://drive.google.com/uc?export=download&id=1T42PiFEyOE7EsKdygYSmbJpAEyzC1ldd,
43,FUNDACIÓN AMIGOS POR SIEMPRE,,,Socia,Organizaciones participantes,www.fundacionamigosporsiempre.org,2025,fundacion-amigos-por-siempre.png,Fundación Amigos por Siempre.png,https://drive.google.com/file/d/1cv7Z1L3jwhHK-6skXZfpFVmzieekvtyK/view?usp=drivesdk,https://drive.google.com/uc?export=download&id=1cv7Z1L3jwhHK-6skXZfpFVmzieekvtyK,
44,FUNDACIÓN AMPAROS,,,Socia,Organizaciones participantes,www.amparos.cl,"2024, 2025",fundacion-amparos.jpeg,Fundación Amparos.jpeg,https://drive.google.com/file/d/1kg-P2GUKSXwsE8sexz8o6GPQOYhEIIba/view?usp=drivesdk,https://drive.google.com/uc?export=download&id=1kg-P2GUKSXwsE8sexz8o6GPQOYhEIIba,
45,FUNDACIÓN BANCO DE ROPA,,,Socia,Organizaciones participantes,www.bancoderopa.cl,2025,fundacion-banco-de-ropa.png,Fundación Banco de Ropa.png,https://drive.google.com/file/d/1i22oyZfyZRLfwQN8cvaxijnwR-Ic9isL/view?usp=drivesdk,https://drive.google.com/uc?export=download&id=1i22oyZfyZRLfwQN8cvaxijnwR-Ic9isL,
46,FUNDACIÓN BASURA,,,Socia,Organizaciones participantes,https://www.fundacionbasura.org/,2026,fundacion-basura.png,Logotipo Color@4x.png,https://drive.google.com/file/d/1SkMBcetKd-akRML4FLkxmiuDdDAvZZR1/view?usp=drive_link,https://drive.google.com/uc?export=download&id=1SkMBcetKd-akRML4FLkxmiuDdDAvZZR1,
47,FUNDACIÓN BEATA LAURA VICUÑA,,,Socia,Organizaciones participantes,https://lauravicuna.org/flv/,2025,fundacion-beata-laura-vicuna.png,Fundación Beata Laura Vicuña.png,https://drive.google.com/file/d/1u5Z-7V4hqbxPm7TR5KQicAgvz2VoL5jN/view?usp=drivesdk,https://drive.google.com/uc?export=download&id=1u5Z-7V4hqbxPm7TR5KQicAgvz2VoL5jN,
48,FUNDACIÓN BETANIA ACOGE,,,Socia,Organizaciones participantes,www.betaniaacoge.cl,2025,fundacion-betania-acoge.jpg,Fundacion Betania Acoge.jpg,https://drive.google.com/file/d/1tSEcZWx-WnSRwijA77qi8tWI-VgtCQvU/view?usp=drivesdk,https://drive.google.com/uc?export=download&id=1tSEcZWx-WnSRwijA77qi8tWI-VgtCQvU,
49,FUNDACIÓN CAMBIEMOS LA HISTORIA,,,Socia,Organizaciones participantes,www.cambiemoslahistoria.cl,2025,fundacion-cambiemos-la-historia.pdf,Fundación Cambiemos La Historia.pdf,https://drive.google.com/file/d/1T_G3PgnqCg-GPjlFt4LsMXfarImp_1xj/view?usp=drivesdk,https://drive.google.com/uc?export=download&id=1T_G3PgnqCg-GPjlFt4LsMXfarImp_1xj,formato .pdf no es imagen web: convertir a PNG o pedir otro archivo
50,FUNDACIÓN CAMINATAS PASO A PASO,,,Socia,Organizaciones participantes,https://caminatas.cl/nuestros-servicios/,2025,fundacion-caminatas-paso-a-paso.jpg,Fundación Caminatas.jpg,https://drive.google.com/file/d/1RnOqXBkRZ6Sg5j7lKEp2m5qgQGNoUNN1/view?usp=sharing,https://drive.google.com/uc?export=download&id=1RnOqXBkRZ6Sg5j7lKEp2m5qgQGNoUNN1,
51,FUNDACIÓN CANDELARIA APOYA,,,Socia,Organizaciones participantes,https://www.candelariaapoya.org/,2025,fundacion-candelaria-apoya.jpeg,Fundación Candelaria Apoya.jpeg,https://drive.google.com/file/d/1uYY_8mD-Xtf5KKEuNFanbYrrFO8piyqW/view?usp=drivesdk,https://drive.google.com/uc?export=download&id=1uYY_8mD-Xtf5KKEuNFanbYrrFO8piyqW,
52,FUNDACIÓN CASA INCLUSIVA,,,Socia,Organizaciones participantes,https://www.casainclusiva.cl/,2025,fundacion-casa-inclusiva.png,Casa Inclusiva.png,https://drive.google.com/file/d/13D21gWV75GbuqFbuVwzX9m1ATsnWTDMI/view?usp=drive_link,https://drive.google.com/uc?export=download&id=13D21gWV75GbuqFbuVwzX9m1ATsnWTDMI,
53,FUNDACIÓN CERRO NAVIA JOVEN,,,Socia,Organizaciones participantes,www.cnjoven.cl,2025,fundacion-cerro-navia-joven.jpeg,Fundación Cerro Navia Joven.jpeg,https://drive.google.com/file/d/1Pi3qfHPS2NE5Ixb-51GUCNbo50jO7fQy/view?usp=drive_link,https://drive.google.com/uc?export=download&id=1Pi3qfHPS2NE5Ixb-51GUCNbo50jO7fQy,
54,FUNDACIÓN CHILE UNIDO,,,Socia,Organizaciones participantes,www.chileunido.cl,2025,fundacion-chile-unido.jpg,Fundación Chile Unido.jpg,https://drive.google.com/file/d/13h33lEIo4sWYm25VzCsexJLhiEmCOoLv/view?usp=drive_link,https://drive.google.com/uc?export=download&id=13h33lEIo4sWYm25VzCsexJLhiEmCOoLv,
55,FADOP,,,Socia,Organizaciones participantes,www.fadop.cl,2024,fadop.jpg,LOGO FADOP VERTICAL (1).jpg,https://drive.google.com/file/d/1HNDF6lYP4JgBHyUTW3HF33CDrmWfHUVZ/view?usp=drive_link,https://drive.google.com/uc?export=download&id=1HNDF6lYP4JgBHyUTW3HF33CDrmWfHUVZ,
56,FUNDACIÓN COANIL,,,Socia,Organizaciones participantes,www.coanil.cl,2025,fundacion-coanil.png,Fundación Coanil.png,https://drive.google.com/file/d/1f-Bs-IFU7vfoSDxhmPbW0kJtB7mJtw0o/view?usp=drive_link,https://drive.google.com/uc?export=download&id=1f-Bs-IFU7vfoSDxhmPbW0kJtB7mJtw0o,
57,FUNDACIÓN COMUNIDA,,,Socia,Organizaciones participantes,https://www.comunida.cl/,"2024, 2025",fundacion-comunida.avif,Comunida.avif,https://drive.google.com/file/d/1rNCKaTyPzhsIybuZHuuw4CYZTyFjsyMG/view?usp=drive_link,https://drive.google.com/uc?export=download&id=1rNCKaTyPzhsIybuZHuuw4CYZTyFjsyMG,formato .avif no es imagen web: convertir a PNG o pedir otro archivo
58,FUNDACIÓN COMUNIDAD Y SERVICIO NEWFIELD NETWORK,,,Socia,Organizaciones participantes,https://www.newfield.la/fundacion/,2025,fundacion-comunidad-y-servicio-newfield-network.jpg,Fundación Comunidad y Servicio.jpg,https://drive.google.com/file/d/13a4FWi2r-i_kvuHMu9_O2NSi_iuBacRK/view?usp=drivesdk,https://drive.google.com/uc?export=download&id=13a4FWi2r-i_kvuHMu9_O2NSi_iuBacRK,
59,FUNDACIÓN CONTRABAJO,,,Socia,Organizaciones participantes,www.fundacioncontrabajo.cl,2025,fundacion-contrabajo.webp,Fundación ConTrabajo.webp,https://drive.google.com/file/d/1yCvVf6YT5SR69mRV8zrrH3-ABryJ2JMX/view?usp=drivesdk,https://drive.google.com/uc?export=download&id=1yCvVf6YT5SR69mRV8zrrH3-ABryJ2JMX,
60,FUNDACIÓN COSMOS,,,Socia,Organizaciones participantes,www.fundacioncosmos.cl,"2025, 2026",fundacion-cosmos.png,Fundación Cosmos horizontal.png Fundación Cosmos.png,https://drive.google.com/file/d/19LwZnaYQeklDGsXOdZyx0s_ODHwheNHA/view?usp=drivesdk,https://drive.google.com/uc?export=download&id=19LwZnaYQeklDGsXOdZyx0s_ODHwheNHA,la celda nombra varios archivos; el enlace de Drive apunta a uno solo
61,FUNDACIÓN CREANDO EXPERIENCIAS,,,Socia,Organizaciones participantes,https://fundacioncreandoexperiencias.cl/,"2024, 2025",fundacion-creando-experiencias.svg,Fundacion creando experiencias positivas para la infancia.svg,https://drive.google.com/file/d/1GKis0S2XLZj8koDrcdlfTRGiudr6YdsO/view?usp=drivesdk,https://drive.google.com/uc?export=download&id=1GKis0S2XLZj8koDrcdlfTRGiudr6YdsO,
62,FUNDACIÓN CRECER,,,Socia,Organizaciones participantes,www.fundacioncrecer.cl,2024,fundacion-crecer.jpg,FUNDACIÓN CRECER.jpg,https://drive.google.com/file/d/1f3YcYPh5E3NrkiGk03iLsjrXAu5HMx8r/view?usp=drive_link,https://drive.google.com/uc?export=download&id=1f3YcYPh5E3NrkiGk03iLsjrXAu5HMx8r,
63,FUNDACIÓN CRECIENDO CON ALERGIAS ALIMENTARIAS,,,Socia,Organizaciones participantes,www.creciendoconalergias.cl,"2024, 2025",fundacion-creciendo-con-alergias-alimentarias.png,Creciendo con Alergias.png,https://drive.google.com/file/d/1FIiSyG1tQBzOfHpMheXQJHbEXswKUeg7/view?usp=drivesdk,https://drive.google.com/uc?export=download&id=1FIiSyG1tQBzOfHpMheXQJHbEXswKUeg7,
64,FUNDACIÓN CRESCENDO,,,Socia,Organizaciones participantes,www.crescendo.cl,2025,fundacion-crescendo.svg,Fundación Crescendo.svg,https://drive.google.com/file/d/1lcncq6kpyWY9F2SbF4BdwRzPVJbpJj00/view?usp=drivesdk,https://drive.google.com/uc?export=download&id=1lcncq6kpyWY9F2SbF4BdwRzPVJbpJj00,
65,FUNDACIÓN JAVIER ARRIETA,,,Socia,Organizaciones participantes,https://www.javierarrieta.cl/,"2024, 2025",fundacion-javier-arrieta.pdf,Fundación Javier Arrieta.pdf,https://drive.google.com/file/d/1Le-usOvHOGjXx4VkYMbEunzqxfOahJnM/view?usp=drive_link,https://drive.google.com/uc?export=download&id=1Le-usOvHOGjXx4VkYMbEunzqxfOahJnM,formato .pdf no es imagen web: convertir a PNG o pedir otro archivo
66,FUNDACIÓN CRISTO ESPECIAL,,,Socia,Organizaciones participantes,https://www.fundacioncristoespecial.cl/,2025,fundacion-cristo-especial.jpg,Fundacion Cristo especial.jpg,https://drive.google.com/file/d/1QT8WF01IxbLGMj_2zmsMLVTs-6sx3_Qg/view?usp=drivesdk,https://drive.google.com/uc?export=download&id=1QT8WF01IxbLGMj_2zmsMLVTs-6sx3_Qg,
67,FUNDACIÓN CRISTO VIVE,,,Socia,Organizaciones participantes,www.fundacioncristovive.cl,"2024, 2025",fundacion-cristo-vive.png,Fundación Cristo Vive.png,https://drive.google.com/file/d/17HQWZh5yOvLuOAJZHTj7TmCX3zicNSfb/view?usp=drivesdk,https://drive.google.com/uc?export=download&id=17HQWZh5yOvLuOAJZHTj7TmCX3zicNSfb,
68,FUNDACIÓN CUENTA CONMIGO,,,Socia,Organizaciones participantes,https://www.fundacioncuentaconmigo.cl/,2025,fundacion-cuenta-conmigo.png,Fundación Cuenta Conmigo.png,https://drive.google.com/file/d/1gttxFSrIrfNn9yh3fIgog-0RVq83xw9u/view?usp=drivesdk,https://drive.google.com/uc?export=download&id=1gttxFSrIrfNn9yh3fIgog-0RVq83xw9u,
69,FUNDACIÓN CULTURAL PAPAGENO,,,Socia,Organizaciones participantes,www.papageno.cl,"2024, 2025",fundacion-cultural-papageno.png,Fundación Cultural Papageno.png,https://drive.google.com/file/d/1J6DVuOa_aAi_oDb_sCUIxCVvpuoNJWKY/view?usp=drivesdk,https://drive.google.com/uc?export=download&id=1J6DVuOa_aAi_oDb_sCUIxCVvpuoNJWKY,
70,FUNDACIÓN CASA FAMILIA,,,Socia,Organizaciones participantes,https://www.casafamilia.cl/,2025,fundacion-casa-familia.png,CASA FAMILIA horizontal.png,https://drive.google.com/file/d/1T1YxcpQnESirEXvSetdId3ux_gd0Dvfa/view?usp=drive_link,https://drive.google.com/uc?export=download&id=1T1YxcpQnESirEXvSetdId3ux_gd0Dvfa,
71,FUNDACIÓN REVIVIR,,,Socia,Organizaciones participantes,https://www.revivir.cl/,"2024, 2025",fundacion-revivir.png,Fundación Revivir.png,https://drive.google.com/file/d/18IFglcSPykeYi_w5i7SLJ-NcDk93ezVL/view?usp=drivesdk,https://drive.google.com/uc?export=download&id=18IFglcSPykeYi_w5i7SLJ-NcDk93ezVL,
72,FUNDACIÓN DE SOLIDARIDAD ROMANOS XII,,,Socia,Organizaciones participantes,https://www.romanosxii.cl/,2025,fundacion-de-solidaridad-romanos-xii.jpg,Liceo Industrial de Santiago (f. solidaridad romanos xii).jpg FUNDACIÓN DE SOLIDARIDAD ROMANOS XII.png,https://drive.google.com/file/d/1bzdB8jVAdtB0cc3jEoYm5fQJPGK978kb/view?usp=drivesdk,https://drive.google.com/uc?export=download&id=1bzdB8jVAdtB0cc3jEoYm5fQJPGK978kb,la celda nombra varios archivos; el enlace de Drive apunta a uno solo
73,FUNDACIÓN DEPORTE LIBRE,,,Socia,Organizaciones participantes,www.deportelibre.cl,2025,fundacion-deporte-libre.png,Fundación Deporte Libre.png,https://drive.google.com/file/d/140eJj6LDRmF91XAj40NNII4nox82GFI9/view?usp=drivesdk,https://drive.google.com/uc?export=download&id=140eJj6LDRmF91XAj40NNII4nox82GFI9,
74,FUNDACIÓN DESCÚBREME,,,Socia,Organizaciones participantes,www.descubreme.cl,2025,fundacion-descubreme.png,Fundación Descúbreme .png,https://drive.google.com/file/d/1HYUGwWKkFAv7QOYtTv00HdAtdIXL5Uq7/view?usp=drivesdk,https://drive.google.com/uc?export=download&id=1HYUGwWKkFAv7QOYtTv00HdAtdIXL5Uq7,
75,FUNDACIÓN DKMS CHILE,,,Socia,Organizaciones participantes,www.dkms.cl,"2024, 2025",fundacion-dkms-chile.png,Logo_Fundación DKMS Chile.png,https://drive.google.com/file/d/1MD7SPwic2qW9BxfCvTvfPWUuugWNrNUb/view?usp=drive_link,https://drive.google.com/uc?export=download&id=1MD7SPwic2qW9BxfCvTvfPWUuugWNrNUb,
76,FUNDACIÓN DOWN UP,,,Socia,Organizaciones participantes,www.fundaciondownup.cl,2025,fundacion-down-up.png,logo_fundación down up.png,https://drive.google.com/file/d/1b2nSs3v8tuH343XqMjaEx8MNg5LNAGlw/view?usp=sharing,https://drive.google.com/uc?export=download&id=1b2nSs3v8tuH343XqMjaEx8MNg5LNAGlw,
77,JUNIOR ACHIEVEMENT,,,Socia,Organizaciones participantes,https://www.jachile.org/,2025,junior-achievement.jpeg,Junior Achievement .jpeg,https://drive.google.com/file/d/14qEMBdEOOG1YFhNKehxi2lwoqS19vzi4/view?usp=drive_link,https://drive.google.com/uc?export=download&id=14qEMBdEOOG1YFhNKehxi2lwoqS19vzi4,
78,FUNDACIÓN ENCUENTRO,,,Socia,Organizaciones participantes,https://www.fundacionencuentro.cl/,2025,fundacion-encuentro.jpg,Fundación Encuentro.jpg,https://drive.google.com/file/d/1vHhQX_oI1-GOuksErFJMjImq_ASZwbRX/view?usp=drivesdk,https://drive.google.com/uc?export=download&id=1vHhQX_oI1-GOuksErFJMjImq_ASZwbRX,
79,FUNDACIÓN EL SAUCE,,,Socia,Organizaciones participantes,https://fundacionelsauce.cl/,"2024, 2025",fundacion-el-sauce.png,Fundación El Sauce.png,https://drive.google.com/file/d/12fQsES9osq6ODelSj__4m5u2VI6VK8Rw/view?usp=drive_link,https://drive.google.com/uc?export=download&id=12fQsES9osq6ODelSj__4m5u2VI6VK8Rw,
80,FUNDACIÓN ELISABETH KÜBLER-ROSS CHILE,,,Socia,Organizaciones participantes,https://fundacionekr.cl/,2025,fundacion-elisabeth-kubler-ross-chile.png,Fundación Elisabeth Kübler-Ross Chile.png,https://drive.google.com/file/d/1H7yE7Dz1E_SsVChBHLR28nbP2yArjMdW/view?usp=drivesdk,https://drive.google.com/uc?export=download&id=1H7yE7Dz1E_SsVChBHLR28nbP2yArjMdW,
81,FUNDACIÓN ERES,,,Socia,Organizaciones participantes,www.fundacioneres.cl,"2024, 2025",fundacion-eres.png,Fundación Eres.png,https://drive.google.com/file/d/17BG8Cc-u1vYNRv59gGM1ZU_vwgyNg08f/view?usp=drive_link,https://drive.google.com/uc?export=download&id=17BG8Cc-u1vYNRv59gGM1ZU_vwgyNg08f,
82,POLICLÍNICO EL SALTO,,,Socia,Organizaciones participantes,https://policlinicoelsalto.cl/,"2024, 2025",policlinico-el-salto.pdf,Policlínico el Salto .pdf,https://drive.google.com/file/d/1LCNGalqCkEL_R8i2rg58a-yRpGJcrmy2/view?usp=drive_link,https://drive.google.com/uc?export=download&id=1LCNGalqCkEL_R8i2rg58a-yRpGJcrmy2,formato .pdf no es imagen web: convertir a PNG o pedir otro archivo
83,FUNDACIÓN FUTUROS PARA EL TENIS,,,Socia,Organizaciones participantes,www.futurosparaeltenis.org,2024,fundacion-futuros-para-el-tenis.png,Futuros para el tenis.png,https://drive.google.com/file/d/1RZLi7AoMXA2bY1YvwykmbodGqKRWLJdp/view?usp=sharing,https://drive.google.com/uc?export=download&id=1RZLi7AoMXA2bY1YvwykmbodGqKRWLJdp,
84,FUNDACIÓN GANÉMOSLE A LA CALLE,,,Socia,Organizaciones participantes,www.ganemoslealacalle.cl,2024,fundacion-ganemosle-a-la-calle.png,FUNDACIÓN GANÉMOSLE A LA CALLE.png,https://drive.google.com/file/d/1DsYGQA5FDhd-fUh6veN7--6v4ewVPTH9/view?usp=drive_link,https://drive.google.com/uc?export=download&id=1DsYGQA5FDhd-fUh6veN7--6v4ewVPTH9,
85,FUNDACIÓN GANTZ - HOSPITAL DEL NIÑO CON FISURA,,,Socia,Organizaciones participantes,www.gantz.cl,"2024, 2025",fundacion-gantz-hospital-del-nino-con-fisura.png,Logo-Fundación-Gantz-Azul.png,https://drive.google.com/file/d/1TTnsmpSjSAcVXpwBhlGniq8DTgYdj4Ld/view?usp=drive_link,https://drive.google.com/uc?export=download&id=1TTnsmpSjSAcVXpwBhlGniq8DTgYdj4Ld,
86,FUNDACIÓN GASTRONOMÍA SOCIAL,,,Socia,Organizaciones participantes,https://www.gastronomia.social/,2025,fundacion-gastronomia-social.png,Fundación Gastronomía Social.png,https://drive.google.com/file/d/1u01DY_X1iWLAJPqxCSF0Zqafp6uOxBnP/view?usp=drivesdk,https://drive.google.com/uc?export=download&id=1u01DY_X1iWLAJPqxCSF0Zqafp6uOxBnP,
87,FUNDACIÓN GESTA,,,Socia,Organizaciones participantes,www.fundaciongesta.cl,"2024, 2025",fundacion-gesta.png,Fundacion Gesta.png,https://drive.google.com/file/d/1jHWdPxjL2IeLtDZWAFEWvvWl0ZOF3ig4/view?usp=drivesdk,https://drive.google.com/uc?export=download&id=1jHWdPxjL2IeLtDZWAFEWvvWl0ZOF3ig4,
88,FUNDACIÓN GRANDES,,,Socia,Organizaciones participantes,https://www.grandes.org/,2025,fundacion-grandes.png,Fundacion Grandes.png,https://drive.google.com/file/d/1PhqiQa1YM8XXpQKYCnksmPxGD86ZWoYZ/view?usp=drivesdk,https://drive.google.com/uc?export=download&id=1PhqiQa1YM8XXpQKYCnksmPxGD86ZWoYZ,
89,HOGAR DE CRISTO,,,"No socia, relacionada a COS",Organizaciones participantes,https://www.hogardecristo.cl/,2025,hogar-de-cristo.png,Hogar de Cristo Logo horizontal.png,https://drive.google.com/file/d/1g9Lq9mdZ_-7peUkF32-Ov8GupIskct-9/view?usp=drive_link,https://drive.google.com/uc?export=download&id=1g9Lq9mdZ_-7peUkF32-Ov8GupIskct-9,
90,FUNDACIÓN HUELLA GESTIÓN SOCIAL,,,Socia,Organizaciones participantes,www.huellags.com,2025,fundacion-huella-gestion-social.jpeg,Huella Gestión Social.jpeg,https://drive.google.com/file/d/1ib1x26zONjKF4KERjjWI0s9oOPcyIQcs/view?usp=drivesdk,https://drive.google.com/uc?export=download&id=1ib1x26zONjKF4KERjjWI0s9oOPcyIQcs,
91,FIPI - FUNDACIÓN IDEAS PARA LA INFANCIA,,,Socia,Organizaciones participantes,www.fipi.cl,2025,fipi-fundacion-ideas-para-la-infancia.png,Fundación Ideas para la Infancia FIPI.png,https://drive.google.com/file/d/1gSYuqdJkxkcOKXOw1l05Q1TCIopyoUE-/view?usp=drivesdk,https://drive.google.com/uc?export=download&id=1gSYuqdJkxkcOKXOw1l05Q1TCIopyoUE-,
92,FUNDACIÓN INFANCIA PRIMERO,,,Socia,Organizaciones participantes,www.infanciaprimero.org/,"2024, 2025",fundacion-infancia-primero.png,Fundación Infancia Primero.png,https://drive.google.com/file/d/1Wu0wmpVuj7tjNsB_4Lbx5aXtZtiduBIO/view?usp=drivesdk,https://drive.google.com/uc?export=download&id=1Wu0wmpVuj7tjNsB_4Lbx5aXtZtiduBIO,
93,FUNDACIÓN INFOCAP,,,Socia,Organizaciones participantes,www.infocap.cl,2025,fundacion-infocap.png,Fundación INFOCAP.png,https://drive.google.com/file/d/1a6Zb1dnZvt2tvkZwV4wMlo_m5IAQYES8/view?usp=drivesdk,https://drive.google.com/uc?export=download&id=1a6Zb1dnZvt2tvkZwV4wMlo_m5IAQYES8,
94,FUNDACIÓN INSPIRA,,,Socia,Organizaciones participantes,www.fundacioninspira.cl,2025,fundacion-inspira.zip,Fundación Inspira.zip,https://drive.google.com/file/d/1XC7sPS1dTyOFCEDO0RgL_ygkgeFrUXj0/view?usp=drivesdk,https://drive.google.com/uc?export=download&id=1XC7sPS1dTyOFCEDO0RgL_ygkgeFrUXj0,formato .zip no es imagen web: convertir a PNG o pedir otro archivo
95,FUNDACIÓN ITACA,,,Socia,Organizaciones participantes,www.fundacionitaca.cl,2025,fundacion-itaca.png,Fundación Itaca.png,https://drive.google.com/file/d/1UAQ7nyoCfB41IwGU44_r1I47HbTcCnnp/view?usp=drive_link,https://drive.google.com/uc?export=download&id=1UAQ7nyoCfB41IwGU44_r1I47HbTcCnnp,
96,FUNDACIÓN AMANOZ,,,Socia,Organizaciones participantes,www.amanoz.cl,"2024, 2025",fundacion-amanoz.png,Fundación Amanoz.png,https://drive.google.com/file/d/1or1F46HGzgJEa-DT0FXuxPP-8dTaLxib/view?usp=drive_link,https://drive.google.com/uc?export=download&id=1or1F46HGzgJEa-DT0FXuxPP-8dTaLxib,
97,FUNDACION JUVENTUD EMPRENDEDORA,,,Socia,Organizaciones participantes,https://juventudemprendedora.cl/,"2024, 2025",fundacion-juventud-emprendedora.png,FUNDACION JUVENTUD EMPRENDEDORA.png,https://drive.google.com/file/d/1DRzBRdd4NqL5An-o-aFqhQNQ5CpemAAy/view?usp=drive_link,https://drive.google.com/uc?export=download&id=1DRzBRdd4NqL5An-o-aFqhQNQ5CpemAAy,
98,FUNDACIÓN KIRI,,,Socia,Organizaciones participantes,https://fundacionkiri.cl/,2024,fundacion-kiri.png,Fundación kiri.png,https://drive.google.com/file/d/1MW06PEV_62XF3RZC6g2PIc9Eiomb4Os2/view?usp=sharing,https://drive.google.com/uc?export=download&id=1MW06PEV_62XF3RZC6g2PIc9Eiomb4Os2,
99,FUNDACIÓN KOSMO INCLUSIÓN,,,Socia,Organizaciones participantes,http://kosmoinclusion.cl/,2025,fundacion-kosmo-inclusion.png,Kosmo Inclusión.png,https://drive.google.com/file/d/1Bqnq6Gf_7xmLIMZlB3HX0uKB4IJSTTNj/view?usp=drivesdk,https://drive.google.com/uc?export=download&id=1Bqnq6Gf_7xmLIMZlB3HX0uKB4IJSTTNj,
100,FUNDACIÓN LA LLAVE,,,Socia,Organizaciones participantes,www.fundacionlallave.cl,2025,fundacion-la-llave.png,Fundación la llave.png,https://drive.google.com/file/d/19pPEvrEdLMRx8O5--WFZXH2UO25Mv1cc/view?usp=drivesdk,https://drive.google.com/uc?export=download&id=19pPEvrEdLMRx8O5--WFZXH2UO25Mv1cc,
101,FUNDACIÓN LA SEMILLA,,,Socia,Organizaciones participantes,www.fundacionlasemilla.cl,"2024, 2025, 2026",fundacion-la-semilla.png,Fundación la Semilla.png,https://drive.google.com/file/d/1YHqkXoNGSVKIoS9E9NmmMxZIacGJbHyr/view?usp=sharing,https://drive.google.com/uc?export=download&id=1YHqkXoNGSVKIoS9E9NmmMxZIacGJbHyr,
102,FUNDACIÓN LAS ROSAS,,,Socia,Organizaciones participantes,www.fundacionlasrosas.cl,"2024, 2025, 2026",fundacion-las-rosas.jpg,FUNDACIÓN LAS ROSAS.jpg,https://drive.google.com/file/d/1FnE4bZfwzFX6ffgrfv2nmC3izg33sg0d/view?usp=drive_link,https://drive.google.com/uc?export=download&id=1FnE4bZfwzFX6ffgrfv2nmC3izg33sg0d,
103,FUNDACIÓN LECHE PARA HAITÍ,,,Socia,Organizaciones participantes,www.lecheparahaiti.cl,2025,fundacion-leche-para-haiti.png,FUNDACIÓN LECHE PARA HAITÍ.png,https://drive.google.com/file/d/1pg6WsMAwOdDCIRyYkT9x0sdudnp74Olj/view?usp=drivesdk,https://drive.google.com/uc?export=download&id=1pg6WsMAwOdDCIRyYkT9x0sdudnp74Olj,
104,FUNDACIÓN LUZ,,,Socia,Organizaciones participantes,www.fundacionluz.cl,2025,fundacion-luz.webp,Fundación Luz.webp,https://drive.google.com/file/d/1mnXiW2zC2lsP3NOvcGWK0tGtSKuvJOms/view?usp=drivesdk,https://drive.google.com/uc?export=download&id=1mnXiW2zC2lsP3NOvcGWK0tGtSKuvJOms,
105,FUNDACIÓN MADRE JOSEFA,,,Socia,Organizaciones participantes,www.fundacionmadrejosefa.cl,2025,fundacion-madre-josefa.jpg,Fundacion Madre Josefa.jpg,https://drive.google.com/file/d/1-NLcvNarUYLnZJYfCguANign2HSNyW_1/view?usp=drive_link,https://drive.google.com/uc?export=download&id=1-NLcvNarUYLnZJYfCguANign2HSNyW_1,
106,FUNDACIÓN MANO AMIGA,,,Socia,Organizaciones participantes,www.manoamiga.cl,2024,fundacion-mano-amiga.png,Fundacion Mano Amiga.png,https://drive.google.com/file/d/1IEfVGllWa9EAlkY9pHpnKEGvdnktOtNh/view?usp=sharing,https://drive.google.com/uc?export=download&id=1IEfVGllWa9EAlkY9pHpnKEGvdnktOtNh,
107,FUNDACIÓN MI CASA,,,Socia,Organizaciones participantes,www.fundacionmicasa.cl,2025,fundacion-mi-casa.jpeg,Fundación Mi Casa.jpeg,https://drive.google.com/file/d/1cW7NikcwQL83mzg1bZqk39g0h0eoH0O4/view?usp=drivesdk,https://drive.google.com/uc?export=download&id=1cW7NikcwQL83mzg1bZqk39g0h0eoH0O4,
108,MICOLAB,,,Socia,Organizaciones participantes,micolab.org,"2025, 2026",micolab.png,Logo Fundación MiColab.png,https://drive.google.com/file/d/10bGn0Fxi8Axt0Z6wXHA82TJrOOXftNFE/view?usp=sharing,https://drive.google.com/uc?export=download&id=10bGn0Fxi8Axt0Z6wXHA82TJrOOXftNFE,
109,FUNDACIÓN MI PARQUE,,,Socia,Organizaciones participantes,www.miparque.cl,2025,fundacion-mi-parque.png,Fundación mi Parque.png,https://drive.google.com/file/d/1vLqw-uICmZo1AlSd-426aUSdeZtFb2NZ/view?usp=drive_link,https://drive.google.com/uc?export=download&id=1vLqw-uICmZo1AlSd-426aUSdeZtFb2NZ,
110,FUNDACIÓN MINGA VALPO,,,Socia,Organizaciones participantes,www.mingavalpo.cl/,2025,fundacion-minga-valpo.webp,FUNDACIÓN MINGA VALPO.webp,https://drive.google.com/file/d/1YrFjGo-hUtjuEWXKlYI3InVegmGBaiAQ/view?usp=drivesdk,https://drive.google.com/uc?export=download&id=1YrFjGo-hUtjuEWXKlYI3InVegmGBaiAQ,
111,FUNDACIÓN MIS AMIGOS,,,Socia,Organizaciones participantes,https://www.fundacionmisamigos.cl/,2024,fundacion-mis-amigos.png,Fundación mis amigos.png,https://drive.google.com/file/d/1gHT5N7AWWUaMZKRVciBKgMDDZQA808kj/view?usp=sharing,https://drive.google.com/uc?export=download&id=1gHT5N7AWWUaMZKRVciBKgMDDZQA808kj,
112,FUNDACIÓN MISIÓN BATUCO,,,Socia,Organizaciones participantes,www.misionbatuco.cl,"2024, 2025",fundacion-mision-batuco.png,Fundación Misión Batuco.png,https://drive.google.com/file/d/13HIUpBZc-dPf7si0KeVNB-VaBHVHqL1y/view?usp=drivesdk,https://drive.google.com/uc?export=download&id=13HIUpBZc-dPf7si0KeVNB-VaBHVHqL1y,
113,FUNDACIÓN NIÑO Y PATRIA,,,Socia,Organizaciones participantes,https://www.fundacionninoypatria.cl/,"2024, 2025",fundacion-nino-y-patria.png,Fundación Niño y Patria.png,https://drive.google.com/file/d/141msQFfDKmpo1g_D818CQLkIHwHDzipT/view?usp=drivesdk,https://drive.google.com/uc?export=download&id=141msQFfDKmpo1g_D818CQLkIHwHDzipT,
114,FUNDACIÓN NUESTROS HIJOS,,,Socia,Organizaciones participantes,www.fundacionnuestroshijos.cl,2024,fundacion-nuestros-hijos.png,fnh_logotipo_v4.png,https://drive.google.com/file/d/1OeJtCAL0nVetQvtSCrM4GeMEyjrj7VuV/view?usp=sharing,https://drive.google.com/uc?export=download&id=1OeJtCAL0nVetQvtSCrM4GeMEyjrj7VuV,
115,FUNDACIÓN ODONTORUTEROS,,,Socia,Organizaciones participantes,https://fundacionodontoruteros.com/,2025,fundacion-odontoruteros.png,Fundación Odontoruteros.png,https://drive.google.com/file/d/1Vlx4nR4A5DcwaLP-jgliVnV4V28r0Qkl/view?usp=drive_link,https://drive.google.com/uc?export=download&id=1Vlx4nR4A5DcwaLP-jgliVnV4V28r0Qkl,
116,FUNDACIÓN PADRE ALBERTO HURTADO,,,Socia,Organizaciones participantes,https://padrealbertohurtado.cl/,"2025, 2026",fundacion-padre-alberto-hurtado.jfif,Fundación Padre Hurtado.jfif,https://drive.google.com/file/d/1POgjmRY16XF1JMh5lUXiJyB9JBz-gmus/view?usp=drive_link,https://drive.google.com/uc?export=download&id=1POgjmRY16XF1JMh5lUXiJyB9JBz-gmus,formato .jfif no es imagen web: convertir a PNG o pedir otro archivo
117,FUNDACIÓN REIMAGINA,,,Socia,Organizaciones participantes,https://fundacionreimagina.org/,2025,fundacion-reimagina.pdf,Fundación Reimagina.pdf,https://drive.google.com/file/d/1dmeemQXgLg8I9dEEBxQOMzQXaLrkSqIm/view?usp=drivesdk,https://drive.google.com/uc?export=download&id=1dmeemQXgLg8I9dEEBxQOMzQXaLrkSqIm,formato .pdf no es imagen web: convertir a PNG o pedir otro archivo
118,FUNDACIÓN PARA LA CONFIANZA,,,Socia,Organizaciones participantes,www.paralaconfianza.org,2025,fundacion-para-la-confianza.jpg,Fundación Para la Confianza.jpg,https://drive.google.com/file/d/1v6rtGdlxlNA2CNM_Lj6uxpD6cIPxixlV/view?usp=drive_link,https://drive.google.com/uc?export=download&id=1v6rtGdlxlNA2CNM_Lj6uxpD6cIPxixlV,
119,FUNDACEK,,,Socia,Organizaciones participantes,www.fundacek.org,2025,fundacek.png,FundacEK vertical.png FundacEK.png,https://drive.google.com/file/d/1xUFi4qP9Nh9_gYreVm6pkw811wPYLq8q/view?usp=drivesdk,https://drive.google.com/uc?export=download&id=1xUFi4qP9Nh9_gYreVm6pkw811wPYLq8q,la celda nombra varios archivos; el enlace de Drive apunta a uno solo
120,FUNDACIÓN RONALD MCDONALD,,,Socia,Organizaciones participantes,www.fundacionronald.cl,2024,fundacion-ronald-mcdonald.png,FUNDACIÓN PARA LA INFANCIA RONALD MCDONALD.png,https://drive.google.com/file/d/1tPIeAPBibjSmZqeXs_aG6KNpnB7qwm4_/view?usp=drive_link,https://drive.google.com/uc?export=download&id=1tPIeAPBibjSmZqeXs_aG6KNpnB7qwm4_,
121,FUSUPO - FUNDACIÓN PARA LA SUPERACIÓN DE LA POBREZA,,,Socia,Organizaciones participantes,www.superacionpobreza.cl,"2024, 2025, 2026",fusupo-fundacion-para-la-superacion-de-la-pobreza.png,Logo FSP 30 años_Vertical.png,https://drive.google.com/file/d/1ECBCD1qMou-SyXoAiC5wVJ2wYIM0XqZf/view?usp=drive_link,https://drive.google.com/uc?export=download&id=1ECBCD1qMou-SyXoAiC5wVJ2wYIM0XqZf,
122,FUNDACIÓN PATERNITAS,,,Socia,Organizaciones participantes,www.paternitas.cl,2025,fundacion-paternitas.png,Fundación Paternitas.png,https://drive.google.com/file/d/1x2VAkS3_Es2-ZQGDAZO-YilTxmbjM3a6/view?usp=drive_link,https://drive.google.com/uc?export=download&id=1x2VAkS3_Es2-ZQGDAZO-YilTxmbjM3a6,
123,PATRONATO S.S.C.C,,,Socia,Organizaciones participantes,www.patronatosscc.cl,2025,patronato-s-s-c-c.jpg,Fundación Patronato de los Sagrados Corazones.jpg,https://drive.google.com/file/d/1tbvzywt13PpM6_jKM5SSg7vZrAkruAgC/view?usp=drivesdk,https://drive.google.com/uc?export=download&id=1tbvzywt13PpM6_jKM5SSg7vZrAkruAgC,
124,FUNDACIÓN PATRONATO MADRE-HIJO,,,Socia,Organizaciones participantes,www.patronato.cl,2025,fundacion-patronato-madre-hijo.jpg,Patronato madre hijo.jpg,https://drive.google.com/file/d/1GvaIBMhfSUEOHj_MAekZWt-0GOMe0V8C/view?usp=drivesdk,https://drive.google.com/uc?export=download&id=1GvaIBMhfSUEOHj_MAekZWt-0GOMe0V8C,
125,FUNDACIÓN POR UNA CARRERA,,,Socia,Organizaciones participantes,www.porunacarrera.cl,"2024, 2025",fundacion-por-una-carrera.png,Fundación por una Carrera.png,https://drive.google.com/file/d/1kU1M269qEwRWMA2RH4igd-rRzduqaolm/view?usp=drivesdk,https://drive.google.com/uc?export=download&id=1kU1M269qEwRWMA2RH4igd-rRzduqaolm,
126,FUNDACIÓN PORTAS,,,Socia,Organizaciones participantes,www.fundacionportas.cl,2025,fundacion-portas.png,Fundación Portas.png,https://drive.google.com/file/d/1G1c3zBj5MQGjKx3ea2KIl1s45JLQPtkS/view?usp=drivesdk,https://drive.google.com/uc?export=download&id=1G1c3zBj5MQGjKx3ea2KIl1s45JLQPtkS,
127,FUNDACIÓN PRO BONO,,,Socia,Organizaciones participantes,www.probono.cl,"2024, 2025",fundacion-pro-bono.png,Fundación Pro Bono.png,https://drive.google.com/file/d/1SjscQEq17Bu5rxw4UscXcemfZAApMd_-/view?usp=drivesdk,https://drive.google.com/uc?export=download&id=1SjscQEq17Bu5rxw4UscXcemfZAApMd_-,
128,FUNDACIÓN PROYECTO B,,,Socia,Organizaciones participantes,www.proyectob.cl,2025,fundacion-proyecto-b.png,Fundación Proyecto B.png,https://drive.google.com/file/d/18Fm3r2WfLmBlDIuJ9PEsckSeSofJtSUn/view?usp=drivesdk,https://drive.google.com/uc?export=download&id=18Fm3r2WfLmBlDIuJ9PEsckSeSofJtSUn,
129,FUNDACIÓN PUENTE,,,Socia,Organizaciones participantes,www.fundacionpuente.cl,"2024, 2025",fundacion-puente.jpg,Fundación Puente.jpg,https://drive.google.com/file/d/1P-gYcVodzJf77mqCWzzZggWj53vhPBfn/view?usp=drivesdk,https://drive.google.com/uc?export=download&id=1P-gYcVodzJf77mqCWzzZggWj53vhPBfn,
130,FUNDACIÓN REGAZO,,,Socia,Organizaciones participantes,https://regazo.cl/,2024,fundacion-regazo.png,FUNDACIÓN REGAZO.png,https://drive.google.com/file/d/1yXkeMG3UpDeTEuPn6N6TupDZLazPVx_Y/view?usp=drive_link,https://drive.google.com/uc?export=download&id=1yXkeMG3UpDeTEuPn6N6TupDZLazPVx_Y,
131,FUNDACIÓN REÑACA MAS ALTO,,,Socia,Organizaciones participantes,https://renacamasalto.com/,"2024, 2025",fundacion-renaca-mas-alto.jpeg,Fundación Reñaca Más Alto.jpeg,https://drive.google.com/file/d/16QrdwBOjTR9WrAGt8zwN78X4ZTQqEK_d/view?usp=drivesdk,https://drive.google.com/uc?export=download&id=16QrdwBOjTR9WrAGt8zwN78X4ZTQqEK_d,
132,FUNDACIÓN RONDA CHILE,,,Socia,Organizaciones participantes,www.rondachile.cl,2025,fundacion-ronda-chile.png,Fundación Ronda.png,https://drive.google.com/file/d/1o6MDV-UsuLPpRI7jEPZMo_3Zug8dox9H/view?usp=drivesdk,https://drive.google.com/uc?export=download&id=1o6MDV-UsuLPpRI7jEPZMo_3Zug8dox9H,
133,FUNDACIÓN SALUD CALLE,,,Socia,Organizaciones participantes,http://saludcalle.cl/,2025,fundacion-salud-calle.png,Fundación Salud Calle.png,https://drive.google.com/file/d/1ymH4o5sw4F73WeBWrMWz7G-jm2xLoWn7/view?usp=drivesdk,https://drive.google.com/uc?export=download&id=1ymH4o5sw4F73WeBWrMWz7G-jm2xLoWn7,
134,FUNDACIÓN SAN JOSÉ PARA LA ADOPCIÓN,,,Socia,Organizaciones participantes,www.fundacionsanjose.cl,2024,fundacion-san-jose-para-la-adopcion.jpeg,san jose para la adopcion.jpeg,https://drive.google.com/file/d/1f3lPqbeddXYV7xUxQ50RKIcY6vbhnApw/view?usp=drive_link,https://drive.google.com/uc?export=download&id=1f3lPqbeddXYV7xUxQ50RKIcY6vbhnApw,
135,CASA DEL ENCUENTRO,,,Socia,Organizaciones participantes,https://casadelencuentro.cl/nosotros/,2024,casa-del-encuentro.png,Logo-Casa-del-Encuentro.png,https://drive.google.com/file/d/1jQsI7h-M0mgo5zTISv85XhNmziPiro5S/view?usp=sharing,https://drive.google.com/uc?export=download&id=1jQsI7h-M0mgo5zTISv85XhNmziPiro5S,
136,FUNDACIÓN SEMBRAR FUTURO,,,Socia,Organizaciones participantes,sembrarfuturo.cl,2025,fundacion-sembrar-futuro.svg,Sembrar Futuro 2.svg Sembrar Futuro.png,https://drive.google.com/file/d/14t8dBAOhcNa3uzft2SyIp1r8N0kaJ5j5/view?usp=drivesdk,https://drive.google.com/uc?export=download&id=14t8dBAOhcNa3uzft2SyIp1r8N0kaJ5j5,la celda nombra varios archivos; el enlace de Drive apunta a uno solo
137,FUNDACIÓN SONRISAS,,,Socia,Organizaciones participantes,www.fundacionsonrisas.cl,"2024, 2025",fundacion-sonrisas.png,Fundación Sonrisas.png,https://drive.google.com/file/d/1waCMDNU_Jr_Rc5V_4lMU-wkV-v2o-tfX/view?usp=drivesdk,https://drive.google.com/uc?export=download&id=1waCMDNU_Jr_Rc5V_4lMU-wkV-v2o-tfX,
138,FUNDACIÓN SOYMÁS,,,Socia,Organizaciones participantes,www.soymas.cl,2025,fundacion-soymas.png,Fundación Soymás.png,https://drive.google.com/file/d/1bm85PSO7OvFvSNfu7XK7X04dFxZ1cuLS/view?usp=drivesdk,https://drive.google.com/uc?export=download&id=1bm85PSO7OvFvSNfu7XK7X04dFxZ1cuLS,
139,FUNDACIÓN TRABAJO PARA UN HERMANO CONCEPCIÓN,,,Socia,Organizaciones participantes,www.tphconcepcion.com,"2024, 2025",fundacion-trabajo-para-un-hermano-concepcion.png,Fundación Trabajo para un hermano Concepción.png,https://drive.google.com/file/d/15_IBfI444s6e4-WCSOLG-JWDM1tNKcps/view?usp=drivesdk,https://drive.google.com/uc?export=download&id=15_IBfI444s6e4-WCSOLG-JWDM1tNKcps,
140,FUNDACIÓN TRASCENDER,,,Socia,Organizaciones participantes,www.fundaciontrascender.cl,"2025, 2026",fundacion-trascender.png,Fundación Trascender.png,https://drive.google.com/file/d/1wTruC4-7iDnHAKv34oJHroXb7AuUYcrs/view?usp=drivesdk,https://drive.google.com/uc?export=download&id=1wTruC4-7iDnHAKv34oJHroXb7AuUYcrs,
141,FUNDACIÓN TRATO HECHO VECINO,,,Socia,Organizaciones participantes,www.tratohechovecino.cl,2025,fundacion-trato-hecho-vecino.png,Logo Fundación Trato Hecho Vecino.png,https://drive.google.com/file/d/1-GGdgLquBgZ20FkYmONUftpvc3Sith2M/view?usp=drive_link,https://drive.google.com/uc?export=download&id=1-GGdgLquBgZ20FkYmONUftpvc3Sith2M,
142,FUNDACIÓN TREGUA,,,Socia,Organizaciones participantes,www.fundaciontregua.cl,"2024, 2025",fundacion-tregua.png,Fundación Tregua.png,https://drive.google.com/file/d/18EXV9eZ-uKcECeN543Nsrt3Zyontx7BN/view?usp=drivesdk,https://drive.google.com/uc?export=download&id=18EXV9eZ-uKcECeN543Nsrt3Zyontx7BN,
143,FUNDACIÓN TU MUNDO ES MI MUNDO,,,Socia,Organizaciones participantes,https://tumundoesmimundo.cl/,2025,fundacion-tu-mundo-es-mi-mundo.png,Fundación tu mundo es mi mundo.png,https://drive.google.com/file/d/12GmgILwkhG0tU11dnxjfec6YoX-qnzHS/view?usp=drivesdk,https://drive.google.com/uc?export=download&id=12GmgILwkhG0tU11dnxjfec6YoX-qnzHS,
144,FUNDACIÓN DON BOSCO,,,Socia,Organizaciones participantes,www.fundaciondonbosco.cl,2025,fundacion-don-bosco.png,Fundación Don Bosco.png,https://drive.google.com/file/d/1SSzUesEbOMZtdlKwZU9XcZ2RObFpgWqM/view?usp=drivesdk,https://drive.google.com/uc?export=download&id=1SSzUesEbOMZtdlKwZU9XcZ2RObFpgWqM,
145,FUNDACIÓN VIVIR MÁS FELIZ,,,Socia,Organizaciones participantes,www.vivirmasfeliz.cl,2025,fundacion-vivir-mas-feliz.png,FUNDACIÓN VIVIR MÁS FELIZ.png,https://drive.google.com/file/d/1F4ErLet-SZpJ5qCDv-4laQAiyzDCKfE4/view?usp=drivesdk,https://drive.google.com/uc?export=download&id=1F4ErLet-SZpJ5qCDv-4laQAiyzDCKfE4,
146,FONDACIO,,,Socia,Organizaciones participantes,www.fondacio.cl,"2025, 2026",fondacio.png,Fondacio.png,https://drive.google.com/file/d/1gSBZAC28H__CLOlRwAteECYvxvascOW2/view?usp=drive_link,https://drive.google.com/uc?export=download&id=1gSBZAC28H__CLOlRwAteECYvxvascOW2,
147,IFF AMÉRICA,,,"No socia, relacionada a socia COS",Organizaciones participantes,https://www.iffamerica.com/,2025,iff-america.png,IFF Amércia.png,https://drive.google.com/file/d/1N_fnw7NpWzviIV6Pj4hKrcKAeKmOQZ6S/view?usp=drive_link,https://drive.google.com/uc?export=download&id=1N_fnw7NpWzviIV6Pj4hKrcKAeKmOQZ6S,
148,LA PROTECTORA DE LA INFANCIA,,,Socia,Organizaciones participantes,www.protectora.cl,2025,la-protectora-de-la-infancia.png,La Protectora de La Infancia.png,https://drive.google.com/file/d/1mvPmcWAI-TYmmP63MedGYJTsxdJ2I9rV/view?usp=drivesdk,https://drive.google.com/uc?export=download&id=1mvPmcWAI-TYmmP63MedGYJTsxdJ2I9rV,
149,MARÍA AYUDA,,,Socia,Organizaciones participantes,www.mariaayuda.cl,"2024, 2025",maria-ayuda.png,María Ayuda.png,https://drive.google.com/file/d/1LlgaLMcj_lpUXmDkCFHylK8z5DASijNL/view?usp=drivesdk,https://drive.google.com/uc?export=download&id=1LlgaLMcj_lpUXmDkCFHylK8z5DASijNL,
150,ONG EL CIRCO DEL MUNDO,,,Socia,Organizaciones participantes,www.elcircodelmundo.com,2025,ong-el-circo-del-mundo.png,ONG El Circo del Mundo-Chile.png,https://drive.google.com/file/d/1vyxrJDuJ5Yeo4Mk80Lv64AA2yN0E3nbJ/view?usp=drivesdk,https://drive.google.com/uc?export=download&id=1vyxrJDuJ5Yeo4Mk80Lv64AA2yN0E3nbJ,
151,GOOD NEIGHBORS CHILE,,,Socia,Organizaciones participantes,www.goodneighbors.cl,"2024, 2025",good-neighbors-chile.png,Good Neighbors Chile.png,https://drive.google.com/file/d/18BYzLpG9vkbk8Lh0V57DPvHJllumi9PB/view?usp=drive_link,https://drive.google.com/uc?export=download&id=18BYzLpG9vkbk8Lh0V57DPvHJllumi9PB,
152,ONG MARÍA ACOGE,,,Socia,Organizaciones participantes,www.mariaacoge.cl,"2024, 2025",ong-maria-acoge.jpg,ONG María Acoge.jpg,https://drive.google.com/file/d/1ws4zkPe05F0e0gb-yCpr_RNE6mjnY5sA/view?usp=drive_link,https://drive.google.com/uc?export=download&id=1ws4zkPe05F0e0gb-yCpr_RNE6mjnY5sA,
153,PEQUEÑO COTTOLENGO,,,Socia,Organizaciones participantes,www.cottolengo.cl,"2024, 2025",pequeno-cottolengo.png,Pequeño Cottolengo.png,https://drive.google.com/file/d/1bz0x2efNEVHoeyQ8IRMriZBw2O95IN6t/view?usp=drivesdk,https://drive.google.com/uc?export=download&id=1bz0x2efNEVHoeyQ8IRMriZBw2O95IN6t,
154,TECHO-CHILE,,,Socia,Organizaciones participantes,https://techo.org/,2025,techo-chile.png,Techo para Chile 2.png Techo para Chile.png,https://drive.google.com/file/d/1TF_2mpGIdxR_OuMASFNmlfWUtSL923dd/view?usp=drivesdk,https://drive.google.com/uc?export=download&id=1TF_2mpGIdxR_OuMASFNmlfWUtSL923dd,la celda nombra varios archivos; el enlace de Drive apunta a uno solo
155,VICARÍA DE PASTORAL SOCIAL CARITAS,,,Socia,Organizaciones participantes,www.vicaria.cl,2025,vicaria-de-pastoral-social-caritas.png,Vicaría Pastoral Social Caritas.png,https://drive.google.com/file/d/1BuXhkhfvp1m5ZWBNQETGy1hsQlDvy_kH/view?usp=drivesdk,https://drive.google.com/uc?export=download&id=1BuXhkhfvp1m5ZWBNQETGy1hsQlDvy_kH,
156,WORLD VISION CHILE,,,Socia,Organizaciones participantes,www.worldvision.cl,2025,world-vision-chile.png,World Vision.png,https://drive.google.com/file/d/15mIJQGgIvpWSlcRC3A7y3txtWb_jMVWg/view?usp=drivesdk,https://drive.google.com/uc?export=download&id=15mIJQGgIvpWSlcRC3A7y3txtWb_jMVWg,
157,MOVIDOS X CHILE,,,Programa Comunidad,Organizaciones participantes,https://movidosxchile.cl/,"2024, 2025, 2026",movidos-x-chile.png,Movidos x Chile.png,https://drive.google.com/file/d/1RjP3cK8FBlDKi7kEK1VAikt-JqYEPLcE/view?usp=drivesdk,https://drive.google.com/uc?export=download&id=1RjP3cK8FBlDKi7kEK1VAikt-JqYEPLcE,
158,ONG VIVIR CONSENTIDOS,,,Socia,Organizaciones participantes,www.vivirconsentidos.cl,2025,ong-vivir-consentidos.png,ONG vivir Consentidos.png,https://drive.google.com/file/d/1o44tLF8HKdbi_pd-dbgTSBPfbhyqrPcz/view?usp=drive_link,https://drive.google.com/uc?export=download&id=1o44tLF8HKdbi_pd-dbgTSBPfbhyqrPcz,
159,OLLA RABBANI,,,Socia,Organizaciones participantes,https://ollarabbani.com/,2025,olla-rabbani.jpeg,Olla Rabanni.jpeg,https://drive.google.com/file/d/1iUkZ5UFvaLjL42va6x4l7jMKkWldKWwD/view?usp=drivesdk,https://drive.google.com/uc?export=download&id=1iUkZ5UFvaLjL42va6x4l7jMKkWldKWwD,
160,FUNDACIÓN DEBRA CHILE,,,Socia,Organizaciones participantes,https://debrachile.cl/,2025,fundacion-debra-chile.pdf,Fundación DEBRA Chile.pdf,https://drive.google.com/file/d/1_tfbE8GV8xkopLH5kogSxUfnROPA57lw/view?usp=drivesdk,https://drive.google.com/uc?export=download&id=1_tfbE8GV8xkopLH5kogSxUfnROPA57lw,formato .pdf no es imagen web: convertir a PNG o pedir otro archivo
161,FUNDACIÓN YOGA MEDICINA,,,Exsocia,Organizaciones participantes,https://yogamedicina.cl/,"2024, 2025",fundacion-yoga-medicina.png,Fundación Yoga Medicina.png,https://drive.google.com/file/d/1xz7pGkUbd2sGyB-JIFEWoCaT5wvIwMF8/view?usp=drivesdk,https://drive.google.com/uc?export=download&id=1xz7pGkUbd2sGyB-JIFEWoCaT5wvIwMF8,
162,ACCIÓN SOLIDARIA HOGAR DE CRISTO,,,No socia,Organizaciones participantes,https://accionsolidaria.cl/,2025,accion-solidaria-hogar-de-cristo.png,Acción Solidaria de Hogar de Cristo.png,https://drive.google.com/file/d/1IjICW8Ga88GBI0xyGMfZDg8Cd9-HNe7N/view?usp=drive_link,https://drive.google.com/uc?export=download&id=1IjICW8Ga88GBI0xyGMfZDg8Cd9-HNe7N,
163,FUNDACIÓN VIDA + SUEÑOS,,,No socia,Organizaciones participantes,https://www.instagram.com/fundacion_vms/,2024,fundacion-vida-suenos.jpeg,Fundación Vida + Sueños.jpeg,https://drive.google.com/file/d/1B0TVlPMopsOQoRFRjH9NjLNF6y79jh4q/view?usp=sharing,https://drive.google.com/uc?export=download&id=1B0TVlPMopsOQoRFRjH9NjLNF6y79jh4q,el sitio web es una red social
164,FUNDACIÓN AMAR DAS,,,No socia,Organizaciones participantes,https://ongamardas.cl/,2025,fundacion-amar-das.jpeg,Fundación Amar Das.jpeg,https://drive.google.com/file/d/1UNIeEfIgapL7BnriwhufY4IYNQ2cs4aK/view?usp=drive_link,https://drive.google.com/uc?export=download&id=1UNIeEfIgapL7BnriwhufY4IYNQ2cs4aK,
165,CETEP,,,"No socia, relacionada a COS",Organizaciones participantes,https://cultura.cetep.cl/,"2025, 2026",cetep.png,Grupo CETEP.png,https://drive.google.com/file/d/1fCT4Uua9RDKtMd5EJjlywtOco1kV5yAB/view?usp=sharing,https://drive.google.com/uc?export=download&id=1fCT4Uua9RDKtMd5EJjlywtOco1kV5yAB,
166,FUNDACIÓN CHILENA AJEDREZ SOCIAL Y TERAPÉUTICO,,,Exsocia,Organizaciones participantes,https://ajedrezsocialchile.cl/,2025,fundacion-chilena-ajedrez-social-y-terapeutico.png,Fundación Ajedrez Social Chile.png,https://drive.google.com/file/d/10rhs-2wiFa4TsXzv69LRxFVY-TyEpJVG/view?usp=drivesdk,https://drive.google.com/uc?export=download&id=10rhs-2wiFa4TsXzv69LRxFVY-TyEpJVG,
167,CORPORACIÓN 3XI,,,"No socia, relacionada a COS",Organizaciones participantes,https://3xi.cl/,2025,corporacion-3xi.jpeg,LOGO 3XI.jpeg,https://drive.google.com/file/d/1swCaWR9BiSK8v8BBnjCjZYlgHUfXXYIe/view?usp=drive_link,https://drive.google.com/uc?export=download&id=1swCaWR9BiSK8v8BBnjCjZYlgHUfXXYIe,
168,COFRADIA COQUIMBO,,,No socia,Organizaciones participantes,https://cofradiacoquimbo.cl/,2025,cofradia-coquimbo.jpeg,Cofradia Coquimbo.jpeg,https://drive.google.com/file/d/1PMIkg2AIio7eDMM8YeJ16JWrWTlZ82U-/view?usp=drive_link,https://drive.google.com/uc?export=download&id=1PMIkg2AIio7eDMM8YeJ16JWrWTlZ82U-,
169,CONECTA MAYOR UC,,,No Socia,Organizaciones participantes,https://conectamayor.cl/,2025,conecta-mayor-uc.png,logo Conecta Mayor UC_horizontal celeste.png,https://drive.google.com/file/d/1b6qjwusns3-dE94PQatY6f4CEHvjs2UX/view?usp=drive_link,https://drive.google.com/uc?export=download&id=1b6qjwusns3-dE94PQatY6f4CEHvjs2UX,
170,ESCUADRA ECUESTRE DESCENDENCIA ACULEGUANA,,,No socia,Organizaciones participantes,https://descendenciaaculeguana.cl/,2025,escuadra-ecuestre-descendencia-aculeguana.png,Escuadra Ecuestre Descendencia Aculeguana.png,https://drive.google.com/file/d/1O3egxHE5hZX35W3DkEt6jCr9anafOPWv/view?usp=drive_link,https://drive.google.com/uc?export=download&id=1O3egxHE5hZX35W3DkEt6jCr9anafOPWv,
171,FUNDACIÓN APA,,,No socia,Organizaciones participantes,https://fundacionapa.cl/,2025,fundacion-apa.jpg,Fundación APA.jpg,https://drive.google.com/file/d/1962H8-F3RlxDeD11nPl7VEbPJEiAV1XF/view?usp=drive_link,https://drive.google.com/uc?export=download&id=1962H8-F3RlxDeD11nPl7VEbPJEiAV1XF,
172,FUNDACIÓN AYUDARTE ESCUELA COLABORATIVA DE ARTES,,,No socia,Organizaciones participantes,https://www.instagram.com/fundacion_ayudarte_graneros/,2025,fundacion-ayudarte-escuela-colaborativa-de-artes.png,Fundación ayudarte escuela colaborativa de artes.png,https://drive.google.com/file/d/1iGgFJPg9H1zZtpjPvYgfTLBQE7QEmi4P/view?usp=drive_link,https://drive.google.com/uc?export=download&id=1iGgFJPg9H1zZtpjPvYgfTLBQE7QEmi4P,el sitio web es una red social
173,FUNDACIÓN CMPC,,,"No socia, relacionada a socia COS",Organizaciones participantes,https://www.fundacioncmpc.cl/,2025,fundacion-cmpc.png,Fundación CMPC.png,https://drive.google.com/file/d/1OsRaf0UUrzBjvehsZZhNzlHIaZ9dSySF/view?usp=drive_link,https://drive.google.com/uc?export=download&id=1OsRaf0UUrzBjvehsZZhNzlHIaZ9dSySF,
174,FUNDACIÓN ECOLETY,,,No socia,Organizaciones participantes,https://ecolety.cl/,2025,fundacion-ecolety.jpg,Fundación ecolety.jpg,https://drive.google.com/file/d/16JiuuwbdmyupNb_9owKRKrTV9s9l-XP2/view?usp=drive_link,https://drive.google.com/uc?export=download&id=16JiuuwbdmyupNb_9owKRKrTV9s9l-XP2,
175,FUNDACIÓN ILUMINA SUEÑOS,,,No socia,Organizaciones participantes,https://www.iluminasuenos.cl/sitio/,2025,fundacion-ilumina-suenos.png,Fundación_Ilumina Sueños.png,https://drive.google.com/file/d/1pvCmK9MqQHwyrTayRqGcY6p7W-AqxZPw/view?usp=drive_link,https://drive.google.com/uc?export=download&id=1pvCmK9MqQHwyrTayRqGcY6p7W-AqxZPw,
176,FUNDACIÓN NATURALIZAR,,,No socia,Organizaciones participantes,https://www.naturalizar.cl/,2025,fundacion-naturalizar.png,Fundación Naturalizar.png,https://drive.google.com/file/d/1VejOJF_sfosNwDMFSVtChyrzbq_cSCCZ/view?usp=drive_link,https://drive.google.com/uc?export=download&id=1VejOJF_sfosNwDMFSVtChyrzbq_cSCCZ,
177,FUNDACIÓN NÚCLEO NATIVO,,,No socia,Organizaciones participantes,www.nucleonativo.cl,2025,fundacion-nucleo-nativo.jpg,Fundación Nucleo Nativo.jpg,https://drive.google.com/file/d/1ME2zkHrO0dM6xJxot0BCUUZ8bhI-e5zQ/view?usp=drive_link,https://drive.google.com/uc?export=download&id=1ME2zkHrO0dM6xJxot0BCUUZ8bhI-e5zQ,
178,HIJOS DE LA CALLE,,,No socia,Organizaciones participantes,https://www.instagram.com/hijosdelacalle_ong/?hl=es,2025,hijos-de-la-calle.jpg,Hijos de la calle.jpg,https://drive.google.com/file/d/1gtipRFVZ8awFHWm4RcaoFCEbVuGA2rjz/view?usp=drive_link,https://drive.google.com/uc?export=download&id=1gtipRFVZ8awFHWm4RcaoFCEbVuGA2rjz,el sitio web es una red social
179,INGENIERÍA SIN FRONTERAS CHILE,,,No socia,Organizaciones participantes,https://isf-chile.org/,2025,ingenieria-sin-fronteras-chile.png,Ingeniería Sin Fronteras Chile.png,https://drive.google.com/file/d/1RcmcdWkGvc4TdvzZCjyNboNLuYIevgh8/view?usp=drive_link,https://drive.google.com/uc?export=download&id=1RcmcdWkGvc4TdvzZCjyNboNLuYIevgh8,
180,PARQUE MAHUIDA,,,No socia (Corporación de Parques La Reina),Organizaciones participantes,https://parquemahuida.cl/,2025,parque-mahuida.jpg,LOGO_MAHUIDA.jpg,https://drive.google.com/file/d/1-yVVQc-zRDNhFbJA9FINtyuvXrsrjKhE/view?usp=sharing,https://drive.google.com/uc?export=download&id=1-yVVQc-zRDNhFbJA9FINtyuvXrsrjKhE,
181,SUMA SOSTENIBLE,,,No socia,Organizaciones participantes,https://sumasostenible.cl/,2025,suma-sostenible.jpeg,Logo_Suma_Sostenible.jpeg,https://drive.google.com/file/d/1nGRktPzsNtSi8UU6VMzkdHltqtARAA3h/view?usp=drive_link,https://drive.google.com/uc?export=download&id=1nGRktPzsNtSi8UU6VMzkdHltqtARAA3h,
182,JUNTOS CON LOS MAYORES,,,No Socia,Organizaciones participantes,https://juntosconlosmayores.cl/,2025,juntos-con-los-mayores.png,Juntos con los Mayores - Corporación 3xi.png,https://drive.google.com/file/d/1EDk8twfh0OivXpWWUK-gO8V7EonkSf8T/view?usp=drivesdk,https://drive.google.com/uc?export=download&id=1EDk8twfh0OivXpWWUK-gO8V7EonkSf8T,
183,TE MAHATU SURF SOCIAL,,,No socia,Organizaciones participantes,https://temahatu.cl/,2025,te-mahatu-surf-social.png,Te Mahatu_Logo Azul_1.png,https://drive.google.com/file/d/1M82f2prwKCHjSagPncohpO36twPbH1A5/view?usp=drive_link,https://drive.google.com/uc?export=download&id=1M82f2prwKCHjSagPncohpO36twPbH1A5,
184,FUNDACIÓN PWC,,,No Socia,Organizaciones participantes,https://www.pwc.com/cl/es/acerca-de-nosotros/Fundacion-PwC-Chile.html,"2024, 2025",fundacion-pwc.png,PWC.png,https://drive.google.com/file/d/1YcYODAboKIj88mz5Oo2jRdZHMCX9-Ho0/view?usp=drive_link,https://drive.google.com/uc?export=download&id=1YcYODAboKIj88mz5Oo2jRdZHMCX9-Ho0,
185,FUNDACIÓN MANOS DE ESPERANZA,,,No socia,Organizaciones participantes,https://web.facebook.com/people/Fundacion-Manos-de-Esperanza/61577469839248/#,2025,fundacion-manos-de-esperanza.jpg,MANOS DE ESPERANZA.jpg,https://drive.google.com/file/d/1S_57WrN3Fye7nspG6T6p14HebMvbXVvM/view?usp=sharing,https://drive.google.com/uc?export=download&id=1S_57WrN3Fye7nspG6T6p14HebMvbXVvM,el sitio web es una red social
186,PARQUE CERROS DE RENCA,,,No Socia,Organizaciones participantes,https://renca.cl/parque-metropolitano-cerros-de-renca/,"2024, 2025",parque-cerros-de-renca.png,Parque Cerros de Renca.png,https://drive.google.com/file/d/1cXo5uUI67V4xfjsVq5Lf8UgdZaPsOBKf/view?usp=drive_link,https://drive.google.com/uc?export=download&id=1cXo5uUI67V4xfjsVq5Lf8UgdZaPsOBKf,
187,UNIVERSIDAD DE TARAPACÁ - ARICA,,,Instituciones educativas,Organizaciones participantes,https://www.uta.cl/,2025,universidad-de-tarapaca-arica.png,Universidad de Tarapacá.png,https://drive.google.com/file/d/1P-3BwGGn28496f8WzGjbpG2LmOyeWgH_/view?usp=drive_link,https://drive.google.com/uc?export=download&id=1P-3BwGGn28496f8WzGjbpG2LmOyeWgH_,
188,DUOC UC,,,Instituciones educativas,Organizaciones participantes,https://www.duoc.cl/,2025,duoc-uc.png,DUOC UC.png,https://drive.google.com/file/d/1-h9LEaXq4VmlmxwaiflkyxWjvP7jusDo/view?usp=drive_link,https://drive.google.com/uc?export=download&id=1-h9LEaXq4VmlmxwaiflkyxWjvP7jusDo,
189,CEDIS ESE BUSINESS SCHOOL - U. ANDES,,,,Organizaciones participantes,,2025,,,,,SIN LOGO: no hay enlace de Drive
190,CEFIS - UNIVERSIDAD ADOLFO IBAÑEZ,,,Instituciones educativas,Organizaciones participantes,https://cefis.uai.cl/,2025,cefis-universidad-adolfo-ibanez.png,CEFIS UAI .png,https://drive.google.com/file/d/11ga08dAp5O9ou9FYqyexkmQb5PRjQ_b_/view?usp=drive_link,https://drive.google.com/uc?export=download&id=11ga08dAp5O9ou9FYqyexkmQb5PRjQ_b_,
191,OBSERVATORIO DE LA FAMILIA UNIVERSIDAD SAN SEBASTIÁN,,,Instituciones educativas,Organizaciones participantes,https://www.uss.cl/facultades-y-carreras/centros-institutos-uss/instituto-de-estudios-para-la-familia/,2025,observatorio-de-la-familia-universidad-san-sebastian.jpeg,Universidad San Sebastián.jpeg,https://drive.google.com/file/d/13tJyuQlDYN_ckzYS4xFmLyBKEOJcM8Zx/view?usp=drive_link,https://drive.google.com/uc?export=download&id=13tJyuQlDYN_ckzYS4xFmLyBKEOJcM8Zx,
192,CUVIC,,,Instituciones educativas,Organizaciones participantes,https://periodismopucv.cl/cuvic/,2025,cuvic.png,CUVIC - Colectivo Universitario de Vinculación y Comunicación Ciudadana- de la Escuela de Periodismo PUCV.png,https://drive.google.com/file/d/1LVr1GCUMLby4dbSlHbimdZKpTNOyZiYR/view?usp=drive_link,https://drive.google.com/uc?export=download&id=1LVr1GCUMLby4dbSlHbimdZKpTNOyZiYR,
193,INACAP,,,Instituciones educativas,Organizaciones participantes,https://portal.inacap.cl/,2025,inacap.png,inacap-logo.png,https://drive.google.com/file/d/1NeKDFrykmqX7_8lvzzn6JrIcjfirEzoN/view?usp=drive_link,https://drive.google.com/uc?export=download&id=1NeKDFrykmqX7_8lvzzn6JrIcjfirEzoN,
194,UNIVERSIDAD DEL BIOBÍO,,,Instituciones educativas,Organizaciones participantes,https://www.ubiobio.cl/w/,2025,universidad-del-biobio.png,Universidad del Biobío.png,https://drive.google.com/file/d/1VMqlDc5e9I3WoSZvphSvgNBxLZNUifXQ/view?usp=drive_link,https://drive.google.com/uc?export=download&id=1VMqlDc5e9I3WoSZvphSvgNBxLZNUifXQ,
195,PUCV,,,Instituciones educativas,Organizaciones participantes,https://www.pucv.cl/,2025,pucv.png,PUCV .png,https://drive.google.com/file/d/1hkUBVmm32Qw1MG5nFHvmTieLr2caXs4M/view?usp=drive_link,https://drive.google.com/uc?export=download&id=1hkUBVmm32Qw1MG5nFHvmTieLr2caXs4M,
196,UNIVERSIDAD CATÓLICA DE TEMUCO,,,Instituciones educativas,Organizaciones participantes,https://www.uct.cl/,2025,universidad-catolica-de-temuco.png,Universidad_Catolica_de_Temuco_Logo_Vertical.png,https://drive.google.com/file/d/1_DLeh9s7O94A_Ye3KJq7ILUE97iI7D1s/view?usp=sharing,https://drive.google.com/uc?export=download&id=1_DLeh9s7O94A_Ye3KJq7ILUE97iI7D1s,
197,"ESCUELA DE TRABAJO SOCIAL, UNIVERSIDAD CATÓLICA DE CHILE",,,Instituciones educativas,Organizaciones participantes,https://trabajosocial.uc.cl/,2025,escuela-de-trabajo-social-universidad-catolica-de-chile.png,Esc. T.Social-02.png,https://drive.google.com/file/d/1s2GJ0PIJR3LcfwvwMu3G-dw0cylt_Fps/view?usp=drive_link,https://drive.google.com/uc?export=download&id=1s2GJ0PIJR3LcfwvwMu3G-dw0cylt_Fps,
198,NÚCLEO DE VIDA SILVESTRE FASEN,,,Organizaciones estudiantiles,Organizaciones participantes,,2025,nucleo-de-vida-silvestre-fasen.jpg,Núcleo de vida silvestre Fasen.jpg,https://drive.google.com/file/d/1z-yDEbASn6jSfH3eSgQgpg_IiG7GTR_e/view?usp=drive_link,https://drive.google.com/uc?export=download&id=1z-yDEbASn6jSfH3eSgQgpg_IiG7GTR_e,sin sitio web
199,ACADEMIA SHEN MEN,,,Organizaciones de base,Organizaciones participantes,https://shenmenchile.cl/,2025,academia-shen-men.jpeg,Academia Shen Men.jpeg,https://drive.google.com/file/d/1idGV_u2k1cgrYD_De8LufiGerhXVV7FC/view?usp=drive_link,https://drive.google.com/uc?export=download&id=1idGV_u2k1cgrYD_De8LufiGerhXVV7FC,
200,MUNICIPALIDAD DE LA REINA,,,Sector público,Organizaciones participantes,https://www.lareina.cl/,2025,municipalidad-de-la-reina.jpg,Logo M. La Reina.jpg,https://drive.google.com/file/d/1aa9Vo3cUW5mqTwkOYeU2UWVveVA_4O1o/view?usp=drive_link,https://drive.google.com/uc?export=download&id=1aa9Vo3cUW5mqTwkOYeU2UWVveVA_4O1o,
201,MUNICIPALIDAD DE ALHUÉ,,,Sector público,Organizaciones participantes,https://municipalidadalhue.cl/portal/,2025,municipalidad-de-alhue.png,Municipalidad de Alhué.png,https://drive.google.com/file/d/1SKtzu8UHiMAleWdO4gTBhqD-xfGZJM3a/view?usp=drive_link,https://drive.google.com/uc?export=download&id=1SKtzu8UHiMAleWdO4gTBhqD-xfGZJM3a,
202,MUNICIPALIDAD DE INDEPENDENCIA,,,Sector público,Organizaciones participantes,www.fundacionpar.cl,2025,municipalidad-de-independencia.png,Municipalidad de Independencia.png,https://drive.google.com/file/d/1SCbqaOdkI83BKpzwdCVCKqEBTYK2VRO6/view?usp=drive_link,https://drive.google.com/uc?export=download&id=1SCbqaOdkI83BKpzwdCVCKqEBTYK2VRO6,el sitio web (fundacionpar.cl) no parece de la municipalidad: revisar
203,COLABORAX,,,No socia,Organizaciones participantes,https://colaborax.cl/,2025,colaborax.png,COLABORAX.png,https://drive.google.com/file/d/1dhnF7EkFTLP29DfGLDyCVsxfdnzmgY4R/view?usp=sharing,https://drive.google.com/uc?export=download&id=1dhnF7EkFTLP29DfGLDyCVsxfdnzmgY4R,
204,CONSORCIO,,,Empresa organizadora de actividad,Organizaciones participantes,https://sitio.consorcio.cl/informacion-corporativa/sostenibilidad,"2024, 2025",consorcio.png,Consorcio.png,https://drive.google.com/file/d/1sz76UNE9asaedENZ6x7z-YO__R1K1yfC/view?usp=drive_link,https://drive.google.com/uc?export=download&id=1sz76UNE9asaedENZ6x7z-YO__R1K1yfC,
205,ZURICH,,,Empresa participante de actividad,Organizaciones participantes,https://www.zurich.cl/conocenos/sustentabilidad,"2024, 2025",zurich.jpg,logo zurich.jpg,https://drive.google.com/file/d/1XUTgA74kL9MaaB4MXFOeTkW6eGVglyjk/view?usp=drive_link,https://drive.google.com/uc?export=download&id=1XUTgA74kL9MaaB4MXFOeTkW6eGVglyjk,
206,MSD LABORATORIO,,,Empresa participante de actividad,Organizaciones participantes,https://www.corporativo.msdchile.cl/acerca-de-nuestra-empresa/responsabilidad/,"2024, 2025",msd-laboratorio.svg,laboratorio msd logo.svg,https://drive.google.com/file/d/1MZmPZ0zJYfA540OyZ6QgyEjmltyYr4qi/view?usp=drive_link,https://drive.google.com/uc?export=download&id=1MZmPZ0zJYfA540OyZ6QgyEjmltyYr4qi,
207,CIUDAD EMERGENTE,,,No socia,Organizaciones participantes,https://ciudademergente.org/,2026,,,,,SIN LOGO: no hay enlace de Drive
